Student_pk;Nom;Prenom;Note;Commentaire;14;6;9;17
12312321312;DOE;John;;;11;15;17;11
12312321313;DOE;Maria;;;9;5;13;19
12312321314;DOE;Jane;;;1;0;18;19
12312321315;DOE;John 2;;;11;2;15;19
12312321316;DOE;Mariasse;;;17;4;7;4
;Moyenne;10.4;3;11;6;9
;Moyenne;13.333333333333334;2;3;18;12
;Moyenne;8.571428571428571;7;13;13;11

Moyenne;;;;;8.33;3;1;17
Moyenne;;;;;6.20;7;13
Moyenne;;;;;11.27;12
Moyenne;;;;;13.58